clothes,frozen,snack
frozen,toiletry
clothes,alcohol,toiletry,snack
clothes,milk,bakery
clothes
clothes,bakery,snack,deco
clothes,bakery
clothes
clothes,milk,snack,deco
clothes
clothes
clothes,frozen,alcohol,milk,bakery,snack
clothes
clothes,snack,deco
clothes
clothes,alcohol
clothes
clothes,snack
clothes,bakery,deco
clothes,veg,deco
clothes
clothes
clothes
clothes,bakery,toiletry,snack
clothes,snack
clothes,alcohol,milk,snack
clothes
clothes,frozen,snack
clothes,bakery,snack
clothes,alcohol,bakery
clothes
clothes,deco
clothes,frozen,deco
clothes,frozen,snack
clothes
clothes,bakery
clothes
clothes
clothes
clothes
clothes,snack
clothes
clothes
clothes
clothes
clothes,snack,deco
clothes
clothes,deco
clothes
clothes,frozen,alcohol,snack
clothes
clothes,deco
clothes,snack
clothes,bakery,snack
clothes,frozen,alcohol,toiletry
clothes
clothes,bakery
clothes,frozen,alcohol,snack
clothes,snack
clothes,alcohol
clothes
clothes,snack,deco
clothes,frozen,bakery,meat,deco
clothes,snack
clothes,snack
clothes
clothes,snack
clothes,frozen,bakery,snack
clothes
clothes,bakery
clothes,bakery
clothes,frozen,bakery,toiletry,deco
clothes,milk,snack
clothes,bakery
clothes
clothes,snack,deco
clothes,alcohol
clothes,snack
clothes
clothes,frozen,alcohol,toiletry
clothes,frozen
clothes
clothes,frozen
clothes,bakery
clothes
clothes
clothes
clothes
clothes
clothes
clothes
clothes
clothes,snack
clothes,snack,deco
clothes
clothes,bakery
clothes,frozen,deco
clothes,bakery
clothes
clothes,frozen,alcohol
clothes,snack,deco
clothes,snack
clothes
clothes
clothes,snack
clothes,frozen,alcohol,snack
clothes
clothes
clothes,milk,snack
clothes,alcohol,bakery
clothes,frozen,toiletry,snack
clothes
clothes,bakery
clothes,snack,deco
clothes,bakery,toiletry,snack,deco
clothes,alcohol,snack
clothes,frozen
clothes
clothes,bakery
clothes,snack
clothes,bakery,snack
clothes,milk,bakery,snack
clothes,frozen,bakery
clothes,alcohol,milk
clothes
clothes
clothes,bakery
clothes
clothes,bakery
clothes
clothes
clothes
clothes
clothes,milk,bakery,toiletry,snack
clothes,frozen,meat,snack,deco
clothes,snack
clothes,frozen,alcohol,snack
clothes
clothes,frozen,alcohol,snack
clothes
clothes,alcohol,snack
clothes,frozen,alcohol,milk,bakery,deco
clothes
clothes,frozen
clothes,frozen,alcohol,snack,deco
clothes,frozen,alcohol,veg,bakery,meat,snack,deco
clothes,frozen,alcohol,bakery,toiletry,snack,deco
clothes,frozen,alcohol,bakery,deco
clothes,frozen,alcohol,milk,bakery,deco
clothes,frozen,alcohol,milk,bakery,snack,deco
clothes,frozen,alcohol,milk,toiletry,snack,deco
clothes,frozen,alcohol,bakery,snack,deco
deco
frozen,alcohol,deco
deco
deco
clothes,deco
clothes,alcohol,deco
frozen,deco
clothes,frozen,alcohol,milk,bakery,meat,snack,deco
alcohol,deco
deco
deco
milk,deco
deco
veg,deco
deco
deco
alcohol,bakery,deco
deco
deco
clothes,alcohol,bakery,snack,deco
bakery,deco
deco
veg,snack,deco
deco
deco
deco
alcohol,snack,deco
deco
frozen,deco
deco
clothes,deco
deco
clothes,alcohol,milk,snack,deco
clothes,frozen,snack,deco
clothes,bakery,deco
clothes,deco
deco
alcohol,veg,deco
deco
deco
snack,deco
clothes,snack,deco
frozen,bakery,deco
deco
frozen,deco
snack,deco
deco
deco
bakery,deco
deco
clothes,milk,bakery,deco
deco
deco
deco
milk,snack,deco
deco
clothes,frozen,deco
bakery,toiletry,snack,deco
snack,deco
frozen,alcohol,bakery,deco
deco
clothes,deco
snack,deco
deco
clothes,veg,snack,deco
deco
clothes,frozen,alcohol,veg,milk,bakery,snack,deco
clothes,deco
clothes,milk,bakery,deco
clothes,milk,bakery,deco
deco
snack,deco
snack,deco
clothes,frozen,alcohol,milk,bakery,toiletry,snack,deco
deco
clothes,alcohol,bakery,deco
clothes,snack,deco
deco
frozen,milk,bakery,snack,deco
frozen,veg,bakery,snack,deco
clothes,deco
deco
deco
bakery,deco
snack,deco
frozen,deco
clothes,veg,milk,bakery,snack,deco
frozen,deco
frozen,alcohol,deco
bakery,deco
frozen,alcohol,bakery,deco
deco
frozen,veg,bakery,snack,deco
clothes,alcohol,snack,deco
clothes,snack,deco
clothes,snack,deco
frozen,bakery,deco
deco
snack,deco
deco
deco
clothes,bakery,snack,deco
bakery,deco
deco
frozen,snack,deco
deco
snack,deco
clothes,alcohol,bakery,toiletry,snack,deco
frozen,bakery,deco
deco
bakery,snack,deco
alcohol,milk,snack,deco
toiletry,deco
clothes,meat,snack,deco
deco
milk,deco
deco
frozen,bakery,snack,deco
deco
deco
alcohol,bakery,deco
deco
clothes,snack,deco
bakery,deco
milk,bakery,deco
frozen,deco
frozen,bakery,deco
deco
alcohol,deco
deco
frozen,bakery,snack,deco
deco
snack,deco
clothes,alcohol,bakery,deco
clothes,frozen,alcohol,veg,bakery,snack,deco
deco
alcohol,bakery,deco
clothes,frozen,alcohol,milk,bakery,toiletry,snack,deco
clothes,snack,deco
deco
clothes,frozen,veg,bakery,meat,snack,deco
clothes,alcohol,bakery,snack,deco
deco
clothes,bakery,snack,deco
veg,milk,bakery,snack,deco
snack,deco
clothes,bakery,deco
clothes,frozen,snack,deco
snack,deco
deco
frozen,bakery,deco
frozen,deco
veg,deco
clothes,veg,milk,bakery,snack,deco
snack,deco
clothes,frozen,deco
clothes,milk,snack,deco
bakery,deco
deco
deco
clothes,frozen,alcohol,milk,meat,toiletry,snack
clothes,snack
clothes,frozen,alcohol,milk,bakery,toiletry,snack
clothes,alcohol,bakery,snack,deco
clothes,alcohol,milk,bakery,snack,deco
clothes,toiletry,snack
clothes,alcohol,bakery,toiletry
clothes,frozen,alcohol,veg,milk,bakery,meat,snack,deco
clothes,alcohol,bakery
clothes,frozen,veg,milk,bakery,deco
clothes,alcohol,snack,deco
clothes,frozen,alcohol,bakery,deco
clothes,snack
clothes,milk,bakery,toiletry
clothes,bakery
clothes,frozen,alcohol,milk,bakery,toiletry,snack
clothes,alcohol,veg,milk,bakery,snack,deco
clothes,frozen,alcohol,milk,bakery
clothes,frozen,alcohol,milk,bakery,meat,snack,deco
clothes,alcohol,bakery,snack,deco
clothes,frozen,alcohol,milk,bakery,snack,deco
clothes,frozen,alcohol,milk,bakery,snack,deco
clothes,frozen,alcohol,veg,milk,bakery
clothes,bakery
clothes,snack
clothes,alcohol,bakery
clothes,bakery
clothes,frozen,alcohol,bakery,snack
clothes,frozen,alcohol,milk,snack
clothes,frozen,veg,milk,bakery,meat,toiletry,snack,deco
clothes,alcohol,milk,bakery,snack
clothes,frozen,alcohol,bakery,snack,deco
clothes,frozen,alcohol,milk,bakery,snack,deco
clothes,alcohol,veg,milk,bakery,snack,deco
clothes,frozen,alcohol,milk,bakery,meat,snack,deco
clothes,alcohol,milk,bakery,snack,deco
clothes,frozen,alcohol,veg,bakery,snack,deco
clothes,frozen,alcohol,veg,milk,bakery,deco
clothes,frozen,alcohol,veg,milk,bakery,snack,deco
clothes,frozen,alcohol,bakery,snack,deco
frozen,alcohol,milk,bakery,snack,deco
clothes,frozen,alcohol,milk,deco
clothes,alcohol,milk,bakery,snack,deco
frozen,alcohol,veg,milk,bakery,toiletry,deco
clothes,frozen,alcohol,milk,snack,deco
clothes,frozen,alcohol,milk,bakery,deco
clothes,frozen,alcohol,milk,bakery,deco
clothes,frozen,alcohol,veg,milk,bakery,toiletry,snack,deco
clothes,frozen,alcohol,milk,bakery,deco
clothes,frozen,alcohol,milk,meat,snack,deco
clothes,frozen,milk,bakery,snack,deco
clothes,frozen,alcohol,milk,bakery,meat,toiletry,snack,deco
clothes,frozen,alcohol,milk,meat,toiletry,snack,deco
clothes,frozen,alcohol,milk,bakery,snack,deco
clothes,frozen,alcohol,milk,bakery,meat,snack,deco
clothes,frozen,alcohol,veg,milk,bakery,deco
clothes,frozen,alcohol,veg,milk,bakery,toiletry,snack,deco
clothes,frozen,alcohol,veg,milk,bakery,toiletry,snack,deco
clothes,frozen,alcohol,bakery,snack,deco
milk,deco
clothes,frozen,alcohol,milk,bakery,snack,deco
clothes,frozen,alcohol,milk,bakery,snack,deco
clothes,frozen,alcohol,veg,bakery,toiletry,snack,deco
clothes,milk,bakery,snack,deco
clothes,alcohol,milk,meat,deco
clothes,alcohol,milk,bakery,snack,deco
clothes,frozen,alcohol,veg,meat,snack,deco
clothes,alcohol,bakery,snack,deco
clothes,frozen,alcohol,milk,bakery,snack,deco
clothes,frozen,alcohol,bakery,meat,snack,deco
clothes,alcohol,veg,milk,deco
frozen,milk,deco
frozen,toiletry,deco
frozen,alcohol,veg,milk,bakery,toiletry,deco
clothes,frozen,alcohol,veg,snack,deco
clothes,frozen,milk,bakery,deco
clothes,frozen,alcohol,deco
milk,snack,deco
frozen,deco
clothes,frozen,deco
frozen,alcohol,snack,deco
bakery,snack,deco
clothes,alcohol,milk,bakery,toiletry,snack
veg,snack,deco
clothes,bakery,snack
frozen,alcohol,toiletry,snack
clothes,frozen,bakery
frozen,alcohol,milk,bakery,snack,deco
snack
clothes,bakery
clothes,frozen,alcohol,bakery,snack,deco
veg,bakery
bakery
alcohol,snack,deco
clothes,milk,bakery,snack
frozen,bakery,toiletry,snack,deco
frozen,alcohol,bakery,toiletry,snack,deco
clothes,frozen,alcohol,bakery,deco
alcohol,snack,deco
snack
veg,snack
clothes,milk,bakery,meat,deco
snack
snack,deco
frozen,bakery
frozen,alcohol,bakery
snack
snack
bakery,snack
frozen,alcohol,milk,bakery,snack
milk,bakery,snack
alcohol,snack
frozen,bakery,snack,deco
frozen,alcohol,veg,milk,bakery,snack,deco
bakery
clothes,frozen,milk,bakery,deco
clothes,frozen,bakery,deco
bakery
bakery
bakery,snack
clothes,frozen,snack
snack
bakery,toiletry,snack
bakery
snack
snack
bakery,toiletry,snack
frozen,milk,bakery,toiletry,snack,deco
milk
veg,milk,bakery,snack,deco
alcohol,bakery,toiletry,snack
frozen,veg,bakery,snack
clothes,bakery
clothes,milk,bakery
clothes,bakery,deco
bakery,snack
bakery
snack
clothes,milk,bakery
alcohol,milk,bakery
bakery,snack,deco
clothes,bakery,snack
clothes,frozen,bakery,snack
alcohol,bakery
snack
bakery,toiletry,snack
clothes,milk,deco
clothes,frozen,bakery,deco
frozen,snack
bakery
bakery
veg,milk,meat,snack
frozen,bakery,deco
clothes,frozen,alcohol,milk,bakery,meat,snack,deco
snack
snack
bakery
frozen,alcohol,bakery,toiletry,snack,deco
clothes,bakery
frozen,alcohol,bakery,snack
snack,deco
clothes,frozen,alcohol,milk,bakery,toiletry,snack,deco
snack
clothes,frozen,bakery,snack
snack,deco
alcohol,bakery,deco
snack
clothes,alcohol,bakery,toiletry,snack
alcohol,bakery,snack
frozen,bakery,snack,deco
alcohol,snack,deco
snack
clothes,frozen,bakery,snack,deco
clothes,frozen,veg,milk,bakery,toiletry,snack,deco
clothes,milk,bakery,deco
clothes,frozen,alcohol,bakery
clothes,frozen,alcohol,milk,bakery,snack,deco
clothes,milk,bakery,snack,deco
frozen,alcohol,bakery,snack
frozen,bakery,snack,deco
clothes,frozen,alcohol,bakery,snack,deco
snack
clothes,alcohol,bakery,snack,deco
bakery
snack
clothes,milk,bakery,snack
clothes,bakery
snack
clothes,frozen,bakery,snack,deco
clothes,frozen,milk,snack
alcohol,veg,toiletry,snack,deco
clothes,bakery
alcohol,milk,bakery,snack,deco
frozen,alcohol,milk,bakery,toiletry,snack
snack
clothes,frozen,alcohol,bakery,snack,deco
frozen,veg,milk,deco
frozen,alcohol,bakery,toiletry,snack
clothes,bakery,snack
frozen,bakery
clothes,frozen,alcohol,milk,bakery,toiletry,snack,deco
bakery
frozen,alcohol,veg,snack,deco
clothes,alcohol,milk,bakery,snack
clothes,frozen,milk,bakery,deco
veg,milk,snack
snack
alcohol,veg,milk,bakery
frozen,bakery,deco
clothes,alcohol,bakery,deco
bakery
clothes,frozen,milk,bakery,toiletry,deco
frozen,bakery,snack
snack
clothes,frozen,alcohol,veg,bakery,snack,deco
veg,bakery,snack,deco
clothes,frozen,alcohol,bakery,toiletry,deco
toiletry,snack,deco
milk,bakery,toiletry
bakery,snack,deco
bakery,snack
clothes,veg,bakery,deco
clothes,alcohol,bakery,snack
snack
frozen,milk,bakery,snack,deco
bakery,deco
clothes,veg,milk,bakery,toiletry,snack,deco
veg,toiletry,snack,deco
bakery,snack
snack
frozen,snack
veg,milk,bakery,deco
alcohol,bakery,snack
frozen,alcohol,bakery,snack
clothes,alcohol,milk,bakery,snack,deco
snack
snack
snack
snack
frozen,bakery,snack,deco
snack
bakery
clothes,frozen,alcohol,veg,bakery,snack
milk,snack,deco
snack
snack
snack
clothes,frozen,alcohol,milk,bakery,toiletry,deco
alcohol,bakery
clothes,bakery,toiletry,snack
clothes,frozen,snack,deco
frozen,bakery,toiletry,deco
clothes,bakery
snack
snack
frozen,alcohol,milk,bakery,toiletry,snack,deco
milk,bakery
clothes,frozen,alcohol,veg,bakery,meat
bakery,snack
bakery,snack,deco
snack,deco
frozen,bakery,deco
bakery,snack
snack
snack
frozen,bakery,snack,deco
clothes,bakery,toiletry,snack
frozen,bakery
snack
clothes,bakery,toiletry,snack
bakery,deco
clothes,alcohol,bakery,snack
clothes,frozen,alcohol,bakery,snack
frozen,alcohol,veg,milk,bakery,deco
clothes,frozen,alcohol,milk,bakery,toiletry,snack,deco
frozen,alcohol,snack
alcohol,snack
frozen,alcohol,milk,bakery,snack
clothes,frozen,alcohol,milk,bakery,snack
clothes,frozen,milk
alcohol,bakery
clothes,alcohol,milk,bakery,snack,deco
clothes,frozen,alcohol,veg,milk,bakery,snack,deco
frozen,snack
frozen,alcohol,milk,bakery,toiletry,snack
clothes,frozen,alcohol,bakery,snack
clothes,frozen,alcohol,milk,bakery
frozen,snack
alcohol,snack,deco
alcohol,bakery
alcohol,snack
frozen,snack
alcohol,bakery,snack
alcohol
frozen,veg,bakery,deco
clothes,alcohol,milk,snack
clothes,alcohol,bakery
clothes,frozen,alcohol,snack
frozen
clothes,alcohol,toiletry
clothes,frozen,deco
frozen,snack
frozen,alcohol,bakery
clothes,frozen,alcohol,snack
clothes,frozen,alcohol,bakery,toiletry,snack
clothes,frozen,alcohol,bakery
alcohol,snack
frozen,alcohol,deco
clothes,frozen,alcohol,veg,milk,bakery,toiletry,snack,deco
frozen,alcohol
frozen,alcohol,bakery
frozen,snack
frozen,alcohol,bakery
alcohol,milk
clothes,alcohol,bakery
frozen,snack
frozen
clothes,frozen,toiletry
clothes,frozen,alcohol
clothes,frozen,alcohol,veg,bakery,toiletry,snack,deco
frozen,alcohol,bakery
frozen,alcohol,snack,deco
frozen
frozen,alcohol
frozen,alcohol,snack
frozen,alcohol,veg,milk,bakery,snack,deco
frozen
clothes,frozen,alcohol,bakery
alcohol
frozen,deco
frozen
clothes,alcohol
frozen,alcohol
alcohol
alcohol,deco
alcohol,snack,deco
alcohol,snack
frozen,alcohol,toiletry
frozen
frozen,alcohol,bakery,deco
clothes,frozen,alcohol
clothes,frozen,alcohol,snack,deco
frozen,alcohol,snack
frozen,alcohol,milk,snack
frozen,alcohol,snack
alcohol
frozen,deco
alcohol
frozen,alcohol,deco
clothes,frozen
alcohol
frozen,alcohol,deco
alcohol,bakery
frozen,alcohol,bakery,meat,toiletry,snack
clothes,frozen,alcohol
clothes,alcohol,bakery,snack
alcohol,bakery,toiletry,snack
alcohol
frozen,alcohol,bakery,toiletry,snack
alcohol
alcohol,bakery,snack
clothes,frozen,alcohol,bakery,deco
alcohol
frozen,alcohol,milk
alcohol
frozen,alcohol,bakery,snack
frozen,alcohol
frozen
frozen,alcohol,deco
frozen
clothes,frozen,alcohol
alcohol
alcohol
frozen
frozen
frozen,alcohol
clothes,frozen,alcohol,bakery,deco
alcohol,bakery,toiletry,snack
alcohol
frozen
frozen,alcohol,snack
clothes,frozen,alcohol,bakery,deco
clothes,frozen,alcohol,bakery,snack,deco
frozen,snack
alcohol,bakery
alcohol,bakery
frozen,snack
frozen
frozen,alcohol,toiletry,snack
clothes,frozen,alcohol,veg,bakery
clothes,frozen,bakery
clothes,alcohol
alcohol
frozen,alcohol
frozen,alcohol,toiletry,snack
frozen,milk,bakery,snack,deco
alcohol,bakery,snack
clothes,alcohol
clothes,frozen,bakery,toiletry,snack,deco
alcohol,snack
frozen,bakery,deco
alcohol
alcohol
frozen,alcohol
alcohol,milk,snack
alcohol,bakery,snack
alcohol,snack
frozen,milk,bakery,snack
frozen,alcohol,veg,deco
clothes,frozen,alcohol
clothes,frozen,alcohol,snack
clothes,frozen,snack
frozen
alcohol
alcohol
frozen,bakery,snack
clothes,frozen
clothes,frozen,alcohol
frozen,alcohol,bakery
clothes,frozen,alcohol,milk,bakery,snack
frozen,bakery
clothes,alcohol,milk
frozen
clothes,frozen,snack
alcohol
frozen,alcohol,snack
clothes,alcohol
frozen
frozen,bakery,deco
frozen,alcohol,snack
frozen,alcohol,snack
frozen,alcohol,snack
clothes,alcohol
clothes,alcohol,bakery,snack
frozen,snack
frozen,alcohol
clothes,frozen,milk,bakery,snack
clothes,frozen,alcohol
alcohol,snack
alcohol
alcohol
alcohol
frozen,toiletry
alcohol,snack
clothes,frozen,milk,deco
frozen
frozen,snack
frozen
clothes,frozen,alcohol,veg,bakery,snack,deco
clothes,frozen,alcohol,snack
clothes,frozen,alcohol,bakery
clothes,frozen,alcohol,bakery
clothes,frozen,bakery
frozen,alcohol,snack
frozen,veg
frozen,alcohol
clothes,frozen,bakery,snack
clothes,frozen,bakery,deco
alcohol,snack
clothes,frozen,alcohol,bakery,snack,deco
alcohol
alcohol
frozen,bakery,snack
clothes,frozen,alcohol,milk,bakery,snack
alcohol,snack
alcohol,bakery
frozen
frozen,alcohol
frozen,alcohol,toiletry,deco
alcohol
clothes,frozen,bakery,snack
alcohol
frozen,alcohol,snack
frozen
